1;BOS;CLE;99;102; October 17, 2017
2;HOU;GSW;122;121; October 17, 2017
3;MIL;BOS;108;100;October 18, 2017
4;ATL;DAL;117;111;October 18, 2017
5;CHA;DET;90;102;October 18, 2017
6;BKN;IND;131;140;October 18, 2017
7;NOP;MEM;91;103;October 18, 2017
8;MIA;ORL;109;116;October 18, 2017
9;POR;PHX;124;76;October 18, 2017
10;HOU;SAC;105;100;October 18, 2017
11;MIN;SAS;99;107;October 18, 2017
12;DEN;UTA;96;106;October 18, 2017
13;PHI;WAS;115;120;October 18, 2017
14;LAC;LAL;108;92;October 19, 2017
15;NYK;OKC;84;105;October 19, 2017
16;CHI;TOR;100;117;October 19, 2017
17;ORL;BKN;121;126;October 20, 2017
18;ATL;CHA;91;109;October 20, 2017
19;SAC;DAL;93;88;October 20, 2017
20;POR;IND;114;96;October 20, 2017
21;CLE;MIL;116;97;October 20, 2017
22;UTA;MIN;97;100;October 20, 2017
23;GSW;NOP;128;120;October 20, 2017
24;BOS;PHI;102;92;October 20, 2017
25;LAL;PHX;132;130;October 20, 2017
26;DET;WAS;111;115;October 20, 2017
27;SAS;CHI;87;77;October 21, 2017
28;ORL;CLE;114;93;October 21, 2017
29;SAC;DEN;79;96;October 21, 2017
30;DAL;HOU;91;107;October 21, 2017
31;PHX;LAC;88;130;October 21, 2017
32;GSW;MEM;101;111;October 21, 2017
33;IND;MIA;108;112;October 21, 2017
34;POR;MIL;110;113;October 21, 2017
35;DET;NYK;111;107;October 21, 2017
36;PHI;TOR;94;128;October 21, 2017
37;OKC;UTA;87;96;October 21, 2017
38;ATL;BKN;104;116;October 22, 2017
39;NOP;LAL;119;112;October 22, 2017
40;MIN;OKC;115;113;October 22, 2017
41;GSW;DAL;133;103;October 23, 2017
42;WAS;DEN;109;104;October 23, 2017
43;PHI;DET;97;86;October 23, 2017
44;MEM;HOU;98;90;October 23, 2017
45;ATL;MIA;93;104;October 23, 2017
46;CHA;MIL;94;103;October 23, 2017
47;SAC;PHX;115;117;October 23, 2017
48;TOR;SAS;97;101;October 23, 2017
49;NYK;BOS;89;110; October 24, 2017
50;CHI;CLE;112;119; October 24, 2017
51;UTA;LAC;84;102; October 24, 2017
52;IND;MIN;130;107; October 24, 2017
53;BKN;ORL;121;125; October 24, 2017
54;NOP;POR;93;103; October 24, 2017
55;CLE;BKN;107;112;October 25, 2017
56;DEN;CHA;93;110;October 25, 2017
57;MEM;DAL;94;103;October 25, 2017
58;MIN;DET;101;122;October 25, 2017
59;TOR;GSW;112;117;October 25, 2017
60;WAS;LAL;99;102;October 25, 2017
61;SAS;MIA;117;100;October 25, 2017
62;IND;OKC;96;114;October 25, 2017
63;HOU;PHI;105;104;October 25, 2017
64;UTA;PHX;88;97;October 25, 2017
65;ATL;CHI;86;91;October 26, 2017
66;DAL;MEM;91;96;October 26, 2017
67;BOS;MIL;96;89;October 26, 2017
68;LAC;POR;104;103;October 26, 2017
69;NOP;SAC;114;106;October 26, 2017
70;DEN;ATL;105;100;October 27, 2017
71;HOU;CHA;109;93;October 27, 2017
72;WAS;GSW;117;120;October 27, 2017
73;TOR;LAL;101;92;October 27, 2017
74;OKC;MIN;116;119;October 27, 2017
75;BKN;NYK;86;107;October 27, 2017
76;SAS;ORL;87;114;October 27, 2017
77;OKC;CHI;101;69;October 28, 2017
78;PHI;DAL;112;110;October 28, 2017
79;DET;LAC;95;87;October 28, 2017
80;HOU;MEM;89;103;October 28, 2017
81;BOS;MIA;96;90;October 28, 2017
82;CLE;NOP;101;123;October 28, 2017
83;PHX;POR;107;114;October 28, 2017
84;LAL;UTA;81;96;October 28, 2017
85;MIL;ATL;117;106;October 29, 2017
86;DEN;BKN;124;111;October 29, 2017
87;ORL;CHA;113;120;October 29, 2017
88;NYK;CLE;114;95;October 29, 2017
89;DET;GSW;115;107;October 29, 2017
90;SAS;IND;94;97;October 29, 2017
91;WAS;SAC;110;83;October 29, 2017
92;SAS;BOS;94;108;October 30, 2017
93;PHI;HOU;115;107;October 30, 2017
94;GSW;LAC;141;113;October 30, 2017
95;CHA;MEM;104;99;October 30, 2017
96;MIN;MIA;125;122;October 30, 2017
97;ORL;NOP;115;99;October 30, 2017
98;DEN;NYK;110;116;October 30, 2017
99;TOR;POR;99;85;October 30, 2017
100;DAL;UTA;89;104;October 30, 2017
101;PHX;BKN;122;114; October 31, 2017
102;SAC;IND;83;101; October 31, 2017
103;DET;LAL;93;113; October 31, 2017
104;OKC;MIL;110;91; October 31, 2017
105;SAC;BOS;86;113;November 1, 2017
106;MIL;CHA;121;126;November 1, 2017
107;IND;CLE;124;107;November 1, 2017
108;TOR;DEN;111;129;November 1, 2017
109;DAL;LAC;98;119;November 1, 2017
110;ORL;MEM;101;99;November 1, 2017
111;CHI;MIA;91;97;November 1, 2017
112;MIN;NOP;104;98;November 1, 2017
113;HOU;NYK;119;97;November 1, 2017
114;ATL;PHI;109;119;November 1, 2017
115;POR;UTA;103;112;November 1, 2017
116;PHX;WAS;122;116;November 1, 2017
117;LAL;POR;110;113;November 2, 2017
118;GSW;SAS;112;92;November 2, 2017
119;HOU;ATL;119;104;November 3, 2017
120;NOP;DAL;99;94;November 3, 2017
121;MIA;DEN;94;95;November 3, 2017
122;MIL;DET;96;105;November 3, 2017
123;BKN;LAL;112;124;November 3, 2017
124;PHX;NYK;107;120;November 3, 2017
125;BOS;OKC;101;94;November 3, 2017
126;CHI;ORL;105;83;November 3, 2017
127;IND;PHI;110;121;November 3, 2017
128;CHA;SAS;101;108;November 3, 2017
129;TOR;UTA;109;100;November 3, 2017
130;CLE;WAS;130;122;November 3, 2017
131;NOP;CHI;96;90;November 4, 2017
132;GSW;DEN;127;108;November 4, 2017
133;SAC;DET;99;108;November 4, 2017
134;MEM;LAC;113;104;November 4, 2017
135;DAL;MIN;99;112;November 4, 2017
136;ATL;CLE;117;115;November 5, 2017
137;UTA;HOU;110;137;November 5, 2017
138;MIA;LAC;104;101;November 5, 2017
139;MEM;LAL;102;107;November 5, 2017
140;CHA;MIN;94;112;November 5, 2017
141;IND;NYK;101;108;November 5, 2017
142;BOS;ORL;104;88;November 5, 2017
143;OKC;POR;99;103;November 5, 2017
144;PHX;SAS;95;112;November 5, 2017
145;WAS;TOR;107;96;November 5, 2017
146;BOS;ATL;110;107;November 6, 2017
147;MIA;GSW;80;97;November 6, 2017
148;BKN;PHX;98;92;November 6, 2017
149;MIL;CLE;119;124; November 7, 2017
150;BKN;DEN;104;112; November 7, 2017
151;NOP;IND;117;112; November 7, 2017
152;CHA;NYK;113;118; November 7, 2017
153;MEM;POR;98;97; November 7, 2017
154;OKC;SAC;86;94; November 7, 2017
155;LAC;SAS;107;120; November 7, 2017
156;CHI;TOR;114;119; November 7, 2017
157;PHI;UTA;104;97; November 7, 2017
158;DAL;WAS;113;99; November 7, 2017
159;LAL;BOS;96;107;November 8, 2017
160;IND;DET;97;114;November 8, 2017
161;MIN;GSW;101;125;November 8, 2017
162;NYK;ORL;99;112;November 8, 2017
163;MIA;PHX;126;115;November 8, 2017
164;OKC;DEN;94;102;November 9, 2017
165;CLE;HOU;113;117;November 9, 2017
166;PHI;SAC;108;109;November 9, 2017
167;NOP;TOR;118;122;November 9, 2017
168;LAL;WAS;95;111;November 9, 2017
169;CHA;BOS;87;90;November 10, 2017
170;IND;CHI;105;87;November 10, 2017
171;ATL;DET;104;111;November 10, 2017
172;LAC;OKC;111;120;November 10, 2017
173;ORL;PHX;128;112;November 10, 2017
174;BKN;POR;101;97;November 10, 2017
175;MIL;SAS;94;87;November 10, 2017
176;MIA;UTA;84;74;November 10, 2017
177;CLE;DAL;111;104;November 11, 2017
178;ORL;DEN;107;125;November 11, 2017
179;PHI;GSW;114;135;November 11, 2017
180;MEM;HOU;96;111;November 11, 2017
181;LAL;MIL;90;98;November 11, 2017
182;LAC;NOP;103;111;November 11, 2017
183;SAC;NYK;91;118;November 11, 2017
184;MIN;PHX;110;118;November 11, 2017
185;CHI;SAS;94;133;November 11, 2017
186;BKN;UTA;106;114;November 11, 2017
187;ATL;WAS;94;113;November 11, 2017
188;TOR;BOS;94;95;November 12, 2017
189;MIA;DET;103;112;November 12, 2017
190;HOU;IND;118;95;November 12, 2017
191;DAL;OKC;99;112;November 12, 2017
192;ORL;GSW;100;110;November 13, 2017
193;PHI;LAC;109;105;November 13, 2017
194;MEM;MIL;103;110;November 13, 2017
195;ATL;NOP;105;106;November 13, 2017
196;CLE;NYK;104;101;November 13, 2017
197;LAL;PHX;100;93;November 13, 2017
198;DEN;POR;82;99;November 13, 2017
199;MIN;UTA;109;98;November 13, 2017
200;SAC;WAS;92;110;November 13, 2017
201;BOS;BKN;109;102; November 14, 2017
202;SAS;DAL;97;91; November 14, 2017
203;TOR;HOU;129;113; November 14, 2017
204;SAC;ATL;80;126;November 15, 2017
205;CLE;CHA;115;107;November 15, 2017
206;PHI;LAL;115;109;November 15, 2017
207;IND;MEM;116;113;November 15, 2017
208;WAS;MIA;102;93;November 15, 2017
209;DET;MIL;95;99;November 15, 2017
210;SAS;MIN;86;98;November 15, 2017
211;TOR;NOP;125;116;November 15, 2017
212;UTA;NYK;101;106;November 15, 2017
213;CHI;OKC;79;92;November 15, 2017
214;ORL;POR;94;99;November 15, 2017
215;GSW;BOS;88;92;November 16, 2017
216;HOU;PHX;142;116;November 16, 2017
217;UTA;BKN;107;118;November 17, 2017
218;CHA;CHI;120;123;November 17, 2017
219;LAC;CLE;113;118;November 17, 2017
220;MIN;DAL;111;87;November 17, 2017
221;NOP;DEN;114;146;November 17, 2017
222;DET;IND;100;107;November 17, 2017
223;PHX;LAL;122;113;November 17, 2017
224;POR;SAC;82;86;November 17, 2017
225;OKC;SAS;101;104;November 17, 2017
226;NYK;TOR;84;107;November 17, 2017
227;MIA;WAS;91;88;November 17, 2017
228;BOS;ATL;110;99;November 18, 2017
229;LAC;CHA;87;102;November 18, 2017
230;MIL;DAL;79;111;November 18, 2017
231;HOU;MEM;105;83;November 18, 2017
232;UTA;ORL;125;85;November 18, 2017
233;GSW;PHI;124;116;November 18, 2017
234;SAC;POR;90;102;November 18, 2017
235;GSW;BKN;118;111;November 19, 2017
236;DEN;LAL;109;127;November 19, 2017
237;IND;MIA;120;95;November 19, 2017
238;DET;MIN;100;97;November 19, 2017
239;CHI;PHX;105;113;November 19, 2017
240;WAS;TOR;91;100;November 19, 2017
241;MIN;CHA;102;118;November 20, 2017
242;BOS;DAL;110;102;November 20, 2017
243;CLE;DET;116;88;November 20, 2017
244;POR;MEM;100;92;November 20, 2017
245;WAS;MIL;99;88;November 20, 2017
246;OKC;NOP;107;114;November 20, 2017
247;LAC;NYK;85;107;November 20, 2017
248;IND;ORL;105;97;November 20, 2017
249;UTA;PHI;86;107;November 20, 2017
250;DEN;SAC;114;98;November 20, 2017
251;ATL;SAS;85;96;November 20, 2017
252;CHI;LAL;94;103; November 21, 2017
253;LAC;ATL;116;103;November 22, 2017
254;WAS;CHA;124;129;November 22, 2017
255;BKN;CLE;109;119;November 22, 2017
256;DEN;HOU;95;125;November 22, 2017
257;DAL;MEM;95;94;November 22, 2017
258;BOS;MIA;98;104;November 22, 2017
259;ORL;MIN;118;124;November 22, 2017
260;SAS;NOP;90;107;November 22, 2017
261;TOR;NYK;100;108;November 22, 2017
262;GSW;OKC;91;108;November 22, 2017
263;POR;PHI;81;101;November 22, 2017
264;MIL;PHX;113;107;November 22, 2017
265;LAL;SAC;102;113;November 22, 2017
266;CHI;UTA;80;110;November 22, 2017
267;NYK;ATL;104;116;November 24, 2017
268;ORL;BOS;103;118;November 24, 2017
269;POR;BKN;127;125;November 24, 2017
270;CHA;CLE;99;100;November 24, 2017
271;MEM;DEN;92;104;November 24, 2017
272;CHI;GSW;94;143;November 24, 2017
273;TOR;IND;104;107;November 24, 2017
274;MIA;MIN;109;97;November 24, 2017
275;DET;OKC;99;98;November 24, 2017
276;NOP;PHX;115;91;November 24, 2017
277;TOR;ATL;112;78;November 25, 2017
278;SAS;CHA;106;86;November 25, 2017
279;OKC;DAL;81;97;November 25, 2017
280;NOP;GSW;95;110;November 25, 2017
281;NYK;HOU;102;117;November 25, 2017
282;BOS;IND;108;98;November 25, 2017
283;ORL;PHI;111;130;November 25, 2017
284;LAC;SAC;97;95;November 25, 2017
285;MIL;UTA;108;121;November 25, 2017
286;POR;WAS;108;105;November 25, 2017
287;MIA;CHI;100;93;November 26, 2017
288;BKN;MEM;98;88;November 26, 2017
289;PHX;MIN;108;119;November 26, 2017
290;DET;BOS;118;108;November 27, 2017
291;SAC;GSW;110;106;November 27, 2017
292;BKN;HOU;103;117;November 27, 2017
293;ORL;IND;109;121;November 27, 2017
294;LAL;LAC;115;120;November 27, 2017
295;POR;NYK;103;91;November 27, 2017
296;CLE;PHI;113;91;November 27, 2017
297;DAL;SAS;108;115;November 27, 2017
298;PHX;CHI;104;99; November 28, 2017
299;MIA;CLE;97;108; November 28, 2017
300;WAS;MIN;92;89; November 28, 2017
301;MIL;SAC;112;87; November 28, 2017
302;DEN;UTA;77;106; November 28, 2017
303;BKN;DAL;109;104;November 29, 2017
304;PHX;DET;107;131;November 29, 2017
305;IND;HOU;97;118;November 29, 2017
306;GSW;LAL;127;123;November 29, 2017
307;MIN;NOP;120;102;November 29, 2017
308;MIA;NYK;86;115;November 29, 2017
309;OKC;ORL;108;121;November 29, 2017
310;WAS;PHI;113;118;November 29, 2017
311;MEM;SAS;95;104;November 29, 2017
312;CHA;TOR;113;126;November 29, 2017
313;CLE;ATL;121;114;November 30, 2017
314;PHI;BOS;97;108;November 30, 2017
315;CHI;DEN;110;111;November 30, 2017
316;UTA;LAC;126;107;November 30, 2017
317;MIL;POR;103;91;November 30, 2017
318;SAC;CHI;107;106;December 1, 2017
319;SAS;MEM;95;79;December 1, 2017
320;CHA;MIA;100;105;December 1, 2017
321;MIN;OKC;107;111;December 1, 2017
322;GSW;ORL;133;112;December 1, 2017
323;IND;TOR;115;120;December 1, 2017
324;NOP;UTA;108;114;December 1, 2017
325;DET;WAS;91;109;December 1, 2017
326;PHX;BOS;111;116;December 2, 2017
327;ATL;BKN;114;102;December 2, 2017
328;MEM;CLE;111;116;December 2, 2017
329;LAC;DAL;82;108;December 2, 2017
330;LAL;DEN;100;115;December 2, 2017
331;SAC;MIL;104;109;December 2, 2017
332;DET;PHI;103;108;December 2, 2017
333;NOP;POR;123;116;December 2, 2017
334;HOU;LAL;118;95;December 3, 2017
335;GSW;MIA;123;95;December 3, 2017
336;LAC;MIN;106;112;December 3, 2017
337;ORL;NYK;105;100;December 3, 2017
338;SAS;OKC;87;90;December 3, 2017
339;BKN;ATL;110;90;December 4, 2017
340;MIL;BOS;100;111;December 4, 2017
341;CLE;CHI;113;91;December 4, 2017
342;ORL;CHA;94;104;December 4, 2017
343;DEN;DAL;105;122;December 4, 2017
344;NYK;IND;97;115;December 4, 2017
345;MIN;MEM;92;95;December 4, 2017
346;GSW;NOP;125;115;December 4, 2017
347;PHX;PHI;115;101;December 4, 2017
348;DET;SAS;93;96;December 4, 2017
349;WAS;UTA;69;116;December 4, 2017
350;UTA;OKC;94;100; December 5, 2017
351;WAS;POR;106;92; December 5, 2017
352;PHX;TOR;113;126; December 5, 2017
353;DAL;BOS;90;97;December 6, 2017
354;GSW;CHA;101;87;December 6, 2017
355;SAC;CLE;95;101;December 6, 2017
356;CHI;IND;96;98;December 6, 2017
357;MIN;LAC;113;107;December 6, 2017
358;DET;MIL;100;104;December 6, 2017
359;DEN;NOP;114;123;December 6, 2017
360;MEM;NYK;88;99;December 6, 2017
361;ATL;ORL;106;110;December 6, 2017
362;MIA;SAS;105;117;December 6, 2017
363;OKC;BKN;95;100;December 7, 2017
364;LAL;PHI;107;104;December 7, 2017
365;WAS;PHX;109;99;December 7, 2017
366;HOU;UTA;112;101;December 7, 2017
367;CHI;CHA;119;111;December 8, 2017
368;GSW;DET;102;98;December 8, 2017
369;CLE;IND;102;106;December 8, 2017
370;TOR;MEM;116;107;December 8, 2017
371;DAL;MIL;102;109;December 8, 2017
372;SAC;NOP;116;109;December 8, 2017
373;DEN;ORL;103;89;December 8, 2017
374;BOS;SAS;102;105;December 8, 2017
375;ORL;ATL;110;117;December 9, 2017
376;MIA;BKN;101;89;December 9, 2017
377;NYK;CHI;102;104;December 9, 2017
378;LAL;CHA;110;99;December 9, 2017
379;PHI;CLE;98;105;December 9, 2017
380;WAS;LAC;112;113;December 9, 2017
381;OKC;MEM;102;101;December 9, 2017
382;UTA;MIL;100;117;December 9, 2017
383;SAS;PHX;104;101;December 9, 2017
384;HOU;POR;124;117;December 9, 2017
385;BOS;DET;91;81;December 10, 2017
386;DEN;IND;116;126;December 10, 2017
387;DAL;MIN;92;97;December 10, 2017
388;PHI;NOP;124;131;December 10, 2017
389;ATL;NYK;107;111;December 10, 2017
390;TOR;SAC;102;87;December 10, 2017
391;BOS;CHI;85;108;December 11, 2017
392;POR;GSW;104;111;December 11, 2017
393;NOP;HOU;123;130;December 11, 2017
394;TOR;LAC;91;96;December 11, 2017
395;MIA;MEM;107;82;December 11, 2017
396;CHA;OKC;116;103;December 11, 2017
397;WAS;BKN;98;103; December 12, 2017
398;ATL;CLE;114;123; December 12, 2017
399;SAS;DAL;89;95; December 12, 2017
400;DEN;DET;103;84; December 12, 2017
401;PHI;MIN;118;112; December 12, 2017
402;LAL;NYK;109;113; December 12, 2017
403;PHX;SAC;92;99; December 12, 2017
404;DEN;BOS;118;124;December 13, 2017
405;UTA;CHI;100;103;December 13, 2017
406;CHA;HOU;96;108;December 13, 2017
407;OKC;IND;100;95;December 13, 2017
408;POR;MIA;102;95;December 13, 2017
409;MIL;NOP;108;115;December 13, 2017
410;LAC;ORL;106;95;December 13, 2017
411;TOR;PHX;115;109;December 13, 2017
412;MEM;WAS;87;93;December 13, 2017
413;DET;ATL;105;91;December 14, 2017
414;NYK;BKN;111;104;December 14, 2017
415;LAL;CLE;112;121;December 14, 2017
416;DAL;GSW;97;112;December 14, 2017
417;SAC;MIN;96;119;December 14, 2017
418;UTA;BOS;107;95;December 15, 2017
419;MIA;CHA;104;98;December 15, 2017
420;NOP;DEN;111;117;December 15, 2017
421;SAS;HOU;109;124;December 15, 2017
422;DET;IND;104;98;December 15, 2017
423;ATL;MEM;94;96;December 15, 2017
424;CHI;MIL;115;109;December 15, 2017
425;POR;ORL;95;88;December 15, 2017
426;OKC;PHI;119;117;December 15, 2017
427;BKN;TOR;87;120;December 15, 2017
428;LAC;WAS;91;100;December 15, 2017
429;POR;CHA;93;91;December 16, 2017
430;UTA;CLE;100;109;December 16, 2017
431;MIL;HOU;111;115;December 16, 2017
432;BOS;MEM;102;93;December 16, 2017
433;LAC;MIA;85;90;December 16, 2017
434;PHX;MIN;108;106;December 16, 2017
435;OKC;NYK;96;111;December 16, 2017
436;DAL;SAS;96;98;December 16, 2017
437;IND;BKN;109;97;December 17, 2017
438;ORL;DET;110;114;December 17, 2017
439;SAC;TOR;93;108;December 17, 2017
440;CLE;WAS;106;99;December 17, 2017
441;MIA;ATL;104;110;December 18, 2017
442;PHI;CHI;115;117;December 18, 2017
443;NYK;CHA;91;109;December 18, 2017
444;PHX;DAL;97;91;December 18, 2017
445;UTA;HOU;99;120;December 18, 2017
446;BOS;IND;112;111;December 18, 2017
447;GSW;LAL;116;114;December 18, 2017
448;POR;MIN;107;108;December 18, 2017
449;DEN;OKC;94;95;December 18, 2017
450;LAC;SAS;91;109;December 18, 2017
451;CLE;MIL;116;119; December 19, 2017
452;SAC;PHI;101;95; December 19, 2017
453;NOP;WAS;106;116; December 19, 2017
454;IND;ATL;105;95;December 20, 2017
455;MIA;BOS;90;89;December 20, 2017
456;SAC;BKN;104;99;December 20, 2017
457;ORL;CHI;94;112;December 20, 2017
458;TOR;CHA;129;111;December 20, 2017
459;DET;DAL;93;110;December 20, 2017
460;MIN;DEN;112;104;December 20, 2017
461;MEM;GSW;84;97;December 20, 2017
462;LAL;HOU;122;116;December 20, 2017
463;PHX;LAC;95;108;December 20, 2017
464;UTA;OKC;79;107;December 20, 2017
465;SAS;POR;93;91;December 20, 2017
466;CHI;CLE;112;115;December 21, 2017
467;BOS;NYK;93;102;December 21, 2017
468;TOR;PHI;114;109;December 21, 2017
469;MEM;PHX;95;97;December 21, 2017
470;SAS;UTA;89;100;December 21, 2017
471;WAS;BKN;84;119;December 22, 2017
472;NYK;DET;101;104;December 22, 2017
473;LAL;GSW;106;113;December 22, 2017
474;LAC;HOU;128;118;December 22, 2017
475;DAL;MIA;101;113;December 22, 2017
476;CHA;MIL;104;109;December 22, 2017
477;ATL;OKC;117;120;December 22, 2017
478;NOP;ORL;111;97;December 22, 2017
479;DEN;POR;102;85;December 22, 2017
480;DAL;ATL;107;112;December 23, 2017
481;CHI;BOS;92;117;December 23, 2017
482;MIL;CHA;106;111;December 23, 2017
483;DEN;GSW;96;81;December 23, 2017
484;BKN;IND;119;123;December 23, 2017
485;POR;LAL;95;92;December 23, 2017
486;LAC;MEM;112;115;December 23, 2017
487;NOP;MIA;109;94;December 23, 2017
488;MIN;PHX;115;106;December 23, 2017
489;SAS;SAC;108;99;December 23, 2017
490;PHI;TOR;86;102;December 23, 2017
491;OKC;UTA;103;89;December 23, 2017
492;ORL;WAS;103;130;December 23, 2017
493;WAS;BOS;111;103;December 25, 2017
494;CLE;GSW;92;99;December 25, 2017
495;MIN;LAL;121;104;December 25, 2017
496;PHI;NYK;105;98;December 25, 2017
497;HOU;OKC;107;112;December 25, 2017
498;TOR;DAL;93;98; December 26, 2017
499;UTA;DEN;83;107; December 26, 2017
500;IND;DET;83;107; December 26, 2017
501;SAC;LAC;95;122; December 26, 2017
502;ORL;MIA;89;107; December 26, 2017
503;CHI;MIL;115;106; December 26, 2017
504;MEM;PHX;97;99; December 26, 2017
505;BKN;SAS;97;109; December 26, 2017
506;WAS;ATL;99;113;December 27, 2017
507;NYK;CHI;87;92;December 27, 2017
508;BOS;CHA;102;91;December 27, 2017
509;UTA;GSW;101;126;December 27, 2017
510;DAL;IND;98;94;December 27, 2017
511;MEM;LAL;109;99;December 27, 2017
512;DEN;MIN;125;128;December 27, 2017
513;BKN;NOP;113;128;December 27, 2017
514;TOR;OKC;107;124;December 27, 2017
515;CLE;SAC;95;109;December 27, 2017
516;HOU;BOS;98;99;December 28, 2017
517;MIN;MIL;96;102;December 28, 2017
518;DET;ORL;89;102;December 28, 2017
519;PHI;POR;110;114;December 28, 2017
520;NYK;SAS;107;119;December 28, 2017
521;IND;CHI;107;119;December 29, 2017
522;CHA;GSW;111;100;December 29, 2017
523;LAC;LAL;121;106;December 29, 2017
524;BKN;MIA;111;87;December 29, 2017
525;DAL;NOP;128;120;December 29, 2017
526;MIL;OKC;97;95;December 29, 2017
527;PHX;SAC;111;101;December 29, 2017
528;ATL;TOR;98;111;December 29, 2017
529;HOU;WAS;103;121;December 29, 2017
530;POR;ATL;89;104;December 30, 2017
531;PHI;DEN;107;102;December 30, 2017
532;SAS;DET;79;93;December 30, 2017
533;MEM;GSW;128;141;December 30, 2017
534;NYK;NOP;105;103;December 30, 2017
535;MIA;ORL;117;111;December 30, 2017
536;CLE;UTA;101;104;December 30, 2017
537;BKN;BOS;105;108;December 31, 2017
538;LAL;HOU;142;148;December 31, 2017
539;MIN;IND;107;90;December 31, 2017
540;CHA;LAC;98;106;December 31, 2017
541;DAL;OKC;116;113;December 31, 2017
542;PHI;PHX;123;110;December 31, 2017
543;MEM;SAC;114;96;December 31, 2017
544;CHI;WAS;110;114;December 31, 2017
545;ORL;BKN;95;98;January 1, 2018
546;POR;CHI;124;120;January 1, 2018
547;LAL;MIN;96;114;January 1, 2018
548;MIL;TOR;127;131;January 1, 2018
549;POR;CLE;110;127; January 2, 2018
550;MEM;LAC;105;113; January 2, 2018
551;SAS;NYK;100;91; January 2, 2018
552;ATL;PHX;103;104; January 2, 2018
553;CHA;SAC;131;111; January 2, 2018
554;CLE;BOS;88;102;January 3, 2018
555;MIN;BKN;97;98;January 3, 2018
556;TOR;CHI;124;115;January 3, 2018
557;GSW;DAL;125;122;January 3, 2018
558;PHX;DEN;111;134;January 3, 2018
559;OKC;LAL;133;96;January 3, 2018
560;DET;MIA;104;111;January 3, 2018
561;IND;MIL;101;122;January 3, 2018
562;HOU;ORL;116;98;January 3, 2018
563;SAS;PHI;106;112;January 3, 2018
564;NOP;UTA;108;98;January 3, 2018
565;NYK;WAS;103;121;January 3, 2018
566;GSW;HOU;124;114;January 4, 2018
567;OKC;LAC;127;117;January 4, 2018
568;MIN;BOS;84;91;January 5, 2018
569;CHI;DAL;127;124;January 5, 2018
570;UTA;DEN;91;99;January 5, 2018
571;CHA;LAL;108;94;January 5, 2018
572;WAS;MEM;102;100;January 5, 2018
573;NYK;MIA;103;107;January 5, 2018
574;TOR;MIL;129;110;January 5, 2018
575;DET;PHI;78;114;January 5, 2018
576;ATL;POR;89;110;January 5, 2018
577;PHX;SAS;89;103;January 5, 2018
578;BOS;BKN;87;85;January 6, 2018
579;HOU;DET;101;108;January 6, 2018
580;CHI;IND;86;125;January 6, 2018
581;GSW;LAC;121;105;January 6, 2018
582;NOP;MIN;98;116;January 6, 2018
583;CLE;ORL;131;127;January 6, 2018
584;DEN;SAC;98;106;January 6, 2018
585;MIL;WAS;110;103;January 6, 2018
586;NYK;DAL;100;96;January 7, 2018
587;ATL;LAL;113;132;January 7, 2018
588;UTA;MIA;102;103;January 7, 2018
589;OKC;PHX;100;114;January 7, 2018
590;SAS;POR;110;111;January 7, 2018
591;TOR;BKN;114;113;January 8, 2018
592;HOU;CHI;116;107;January 8, 2018
593;DEN;GSW;114;124;January 8, 2018
594;MIL;IND;96;109;January 8, 2018
595;ATL;LAC;107;108;January 8, 2018
596;CLE;MIN;99;127;January 8, 2018
597;DET;NOP;109;112;January 8, 2018
598;SAS;SAC;107;100;January 8, 2018
599;ORL;DAL;99;114; January 9, 2018
600;SAC;LAL;86;99; January 9, 2018
601;POR;OKC;117;106; January 9, 2018
602;MIA;TOR;90;89; January 9, 2018
603;DET;BKN;114;80;January 10, 2018
604;DAL;CHA;115;111;January 10, 2018
605;ATL;DEN;110;97;January 10, 2018
606;LAC;GSW;125;106;January 10, 2018
607;POR;HOU;112;121;January 10, 2018
608;MIA;IND;114;106;January 10, 2018
609;NOP;MEM;102;105;January 10, 2018
610;ORL;MIL;103;110;January 10, 2018
611;OKC;MIN;88;104;January 10, 2018
612;CHI;NYK;122;119;January 10, 2018
613;UTA;WAS;107;104;January 10, 2018
614;SAS;LAL;81;93;January 11, 2018
615;BOS;PHI;114;103;January 11, 2018
616;LAC;SAC;121;115;January 11, 2018
617;CLE;TOR;99;133;January 11, 2018
618;BKN;ATL;110;105;January 12, 2018
619;UTA;CHA;88;99;January 12, 2018
620;MEM;DEN;78;87;January 12, 2018
621;CLE;IND;95;97;January 12, 2018
622;GSW;MIL;108;94;January 12, 2018
623;NYK;MIN;108;118;January 12, 2018
624;POR;NOP;113;119;January 12, 2018
625;HOU;PHX;112;95;January 12, 2018
626;ORL;WAS;119;125;January 12, 2018
627;DET;CHI;105;107;January 13, 2018
628;OKC;CHA;101;91;January 13, 2018
629;LAL;DAL;107;101;January 13, 2018
630;SAC;LAC;105;126;January 13, 2018
631;DEN;SAS;80;112;January 13, 2018
632;GSW;TOR;127;125;January 13, 2018
633;BKN;WAS;113;119;January 13, 2018
634;MIL;MIA;79;97;January 14, 2018
635;POR;MIN;103;120;January 14, 2018
636;NOP;NYK;123;118;January 14, 2018
637;IND;PHX;120;97;January 14, 2018
638;SAS;ATL;99;102;January 15, 2018
639;NYK;BKN;119;104;January 15, 2018
640;MIA;CHI;111;119;January 15, 2018
641;GSW;CLE;118;108;January 15, 2018
642;CHA;DET;118;107;January 15, 2018
643;HOU;LAC;102;113;January 15, 2018
644;LAL;MEM;114;123;January 15, 2018
645;SAC;OKC;88;95;January 15, 2018
646;TOR;PHI;111;117;January 15, 2018
647;IND;UTA;109;94;January 15, 2018
648;MIL;WAS;104;95;January 15, 2018
649;NOP;BOS;116;113; January 16, 2018
650;DAL;DEN;102;105; January 16, 2018
651;MIN;ORL;102;108; January 16, 2018
652;PHX;POR;111;118; January 16, 2018
653;NOP;ATL;93;94;January 17, 2018
654;SAS;BKN;100;95;January 17, 2018
655;GSW;CHI;119;112;January 17, 2018
656;WAS;CHA;109;133;January 17, 2018
657;DEN;LAC;104;109;January 17, 2018
658;NYK;MEM;99;105;January 17, 2018
659;MIA;MIL;106;101;January 17, 2018
660;LAL;OKC;90;114;January 17, 2018
661;UTA;SAC;120;105;January 17, 2018
662;DET;TOR;91;96;January 17, 2018
663;PHI;BOS;89;80;January 18, 2018
664;ORL;CLE;103;104;January 18, 2018
665;MIN;HOU;98;116;January 18, 2018
666;IND;POR;86;100;January 18, 2018
667;MIA;BKN;95;101;January 19, 2018
668;PHX;DEN;108;100;January 19, 2018
669;WAS;DET;122;112;January 19, 2018
670;IND;LAL;86;99;January 19, 2018
671;SAC;MEM;88;106;January 19, 2018
672;SAS;TOR;83;86;January 19, 2018
673;NYK;UTA;117;115;January 19, 2018
674;CHI;ATL;113;97;January 20, 2018
675;MIA;CHA;106;105;January 20, 2018
676;OKC;CLE;148;124;January 20, 2018
677;GSW;HOU;108;116;January 20, 2018
678;TOR;MIN;109;115;January 20, 2018
679;MEM;NOP;104;111;January 20, 2018
680;MIL;PHI;94;116;January 20, 2018
681;DAL;POR;108;117;January 20, 2018
682;LAC;UTA;113;125;January 20, 2018
683;ORL;BOS;103;95;January 21, 2018
684;BKN;DET;101;100;January 21, 2018
685;NYK;LAL;107;127;January 21, 2018
686;IND;SAS;94;86;January 21, 2018
687;UTA;ATL;90;104;January 22, 2018
688;SAC;CHA;107;112;January 22, 2018
689;WAS;DAL;75;98;January 22, 2018
690;POR;DEN;101;104;January 22, 2018
691;MIA;HOU;90;99;January 22, 2018
692;MIN;LAC;126;118;January 22, 2018
693;PHI;MEM;101;105;January 22, 2018
694;PHX;MIL;105;109;January 22, 2018
695;CHI;NOP;128;132;January 22, 2018
696;NYK;GSW;112;123; January 23, 2018
697;BOS;LAL;107;108; January 23, 2018
698;BKN;OKC;108;109; January 23, 2018
699;SAC;ORL;105;99; January 23, 2018
700;CLE;SAS;102;114; January 23, 2018
701;TOR;ATL;108;93;January 24, 2018
702;NOP;CHA;101;96;January 24, 2018
703;HOU;DAL;104;97;January 24, 2018
704;UTA;DET;98;95;January 24, 2018
705;PHX;IND;101;116;January 24, 2018
706;BOS;LAC;113;102;January 24, 2018
707;SAS;MEM;108;85;January 24, 2018
708;CHI;PHI;101;115;January 24, 2018
709;MIN;POR;114;123;January 24, 2018
710;NYK;DEN;118;130;January 25, 2018
711;MIN;GSW;113;126;January 25, 2018
712;SAC;MIA;89;88;January 25, 2018
713;WAS;OKC;112;121;January 25, 2018
714;LAL;CHI;108;103;January 26, 2018
715;ATL;CHA;110;121;January 26, 2018
716;IND;CLE;108;115;January 26, 2018
717;POR;DAL;107;93;January 26, 2018
718;LAC;MEM;109;100;January 26, 2018
719;BKN;MIL;91;116;January 26, 2018
720;HOU;NOP;113;115;January 26, 2018
721;NYK;PHX;107;85;January 26, 2018
722;PHI;SAS;97;78;January 26, 2018
723;UTA;TOR;97;93;January 26, 2018
724;WAS;ATL;129;104;January 27, 2018
725;DAL;DEN;89;91;January 27, 2018
726;OKC;DET;121;108;January 27, 2018
727;BOS;GSW;105;109;January 27, 2018
728;ORL;IND;112;114;January 27, 2018
729;CHA;MIA;91;95;January 27, 2018
730;BKN;MIN;97;111;January 27, 2018
731;MIL;CHI;110;96;January 28, 2018
732;DET;CLE;104;121;January 28, 2018
733;PHX;HOU;102;113;January 28, 2018
734;LAC;NOP;112;103;January 28, 2018
735;PHI;OKC;112;122;January 28, 2018
736;SAC;SAS;98;113;January 28, 2018
737;LAL;TOR;111;123;January 28, 2018
738;MIN;ATL;100;105;January 29, 2018
739;MIA;DAL;95;88;January 29, 2018
740;BOS;DEN;111;110;January 29, 2018
741;CHA;IND;96;105;January 29, 2018
742;PHX;MEM;109;120;January 29, 2018
743;PHI;MIL;95;107;January 29, 2018
744;CLE;DET;114;125; January 30, 2018
745;ORL;HOU;107;114; January 30, 2018
746;POR;LAC;104;96; January 30, 2018
747;SAC;NOP;114;103; January 30, 2018
748;BKN;NYK;95;111; January 30, 2018
749;DEN;SAS;104;106; January 30, 2018
750;MIN;TOR;104;109; January 30, 2018
751;GSW;UTA;99;129; January 30, 2018
752;OKC;WAS;96;102; January 30, 2018
753;CHA;ATL;123;110;January 31, 2018
754;NYK;BOS;73;103;January 31, 2018
755;PHI;BKN;108;116;January 31, 2018
756;MIA;CLE;89;91;January 31, 2018
757;MEM;IND;101;105;January 31, 2018
758;LAL;ORL;105;127;January 31, 2018
759;DAL;PHX;88;102;January 31, 2018
760;CHI;POR;108;124;January 31, 2018
761;OKC;DEN;124;127;February 1, 2018
762;MEM;DET;102;104;February 1, 2018
763;MIL;MIN;89;108;February 1, 2018
764;HOU;SAS;102;91;February 1, 2018
765;TOR;WAS;119;122;February 1, 2018
766;ATL;BOS;110;119;February 2, 2018
767;LAL;BKN;102;99;February 2, 2018
768;IND;CHA;126;133;February 2, 2018
769;NYK;MIL;90;92;February 2, 2018
770;NOP;OKC;114;100;February 2, 2018
771;MIA;PHI;97;103;February 2, 2018
772;UTA;PHX;129;97;February 2, 2018
773;GSW;SAC;119;104;February 2, 2018
774;POR;TOR;105;130;February 2, 2018
775;HOU;CLE;120;88;February 3, 2018
776;GSW;DEN;108;115;February 3, 2018
777;MIA;DET;107;111;February 3, 2018
778;PHI;IND;92;100;February 3, 2018
779;CHI;LAC;103;113;February 3, 2018
780;NOP;MIN;107;118;February 3, 2018
781;WAS;ORL;115;98;February 3, 2018
782;DAL;SAC;106;99;February 3, 2018
783;UTA;SAS;120;111;February 3, 2018
784;POR;BOS;96;97;February 4, 2018
785;MIL;BKN;109;94;February 4, 2018
786;ATL;NYK;99;96;February 4, 2018
787;LAL;OKC;108;104;February 4, 2018
788;CHA;PHX;115;110;February 4, 2018
789;MEM;TOR;86;101;February 4, 2018
790;CHA;DEN;104;121;February 5, 2018
791;POR;DET;91;111;February 5, 2018
792;WAS;IND;111;102;February 5, 2018
793;DAL;LAC;101;104;February 5, 2018
794;ORL;MIA;111;109;February 5, 2018
795;UTA;NOP;133;109;February 5, 2018
796;CHI;SAC;98;104;February 5, 2018
797;MEM;ATL;82;108; February 6, 2018
798;HOU;BKN;123;113; February 6, 2018
799;OKC;GSW;125;105; February 6, 2018
800;PHX;LAL;93;112; February 6, 2018
801;MIL;NYK;103;89; February 6, 2018
802;CLE;ORL;98;116; February 6, 2018
803;WAS;PHI;102;115; February 6, 2018
804;BOS;TOR;91;111; February 6, 2018
805;MIN;CLE;138;140;February 7, 2018
806;BKN;DET;106;115;February 7, 2018
807;UTA;MEM;92;88;February 7, 2018
808;HOU;MIA;109;101;February 7, 2018
809;SAS;PHX;129;81;February 7, 2018
810;DAL;GSW;103;121;February 8, 2018
811;OKC;LAL;81;106;February 8, 2018
812;ATL;ORL;98;100;February 8, 2018
813;CHA;POR;103;109;February 8, 2018
814;NYK;TOR;88;113;February 8, 2018
815;BOS;WAS;110;104;February 8, 2018
816;CLE;ATL;123;107;February 9, 2018
817;IND;BOS;97;91;February 9, 2018
818;MIN;CHI;113;114;February 9, 2018
819;LAC;DET;108;95;February 9, 2018
820;DEN;HOU;104;130;February 9, 2018
821;MIL;MIA;85;91;February 9, 2018
822;NOP;PHI;82;100;February 9, 2018
823;POR;SAC;118;100;February 9, 2018
824;CHA;UTA;94;106;February 9, 2018
825;NOP;BKN;138;128;February 10, 2018
826;WAS;CHI;101;90;February 10, 2018
827;LAL;DAL;123;130;February 10, 2018
828;SAS;GSW;105;122;February 10, 2018
829;MIL;ORL;111;104;February 10, 2018
830;LAC;PHI;98;112;February 10, 2018
831;DEN;PHX;123;113;February 10, 2018
832;DET;ATL;115;118;February 11, 2018
833;CLE;BOS;121;99;February 11, 2018
834;TOR;CHA;123;103;February 11, 2018
835;DAL;HOU;97;104;February 11, 2018
836;NYK;IND;113;121;February 11, 2018
837;SAC;MIN;106;111;February 11, 2018
838;MEM;OKC;92;110;February 11, 2018
839;UTA;POR;115;96;February 11, 2018
840;LAC;BKN;114;101;February 12, 2018
841;ORL;CHI;101;105;February 12, 2018
842;NOP;DET;118;103;February 12, 2018
843;PHX;GSW;83;129;February 12, 2018
844;NYK;PHI;92;108;February 12, 2018
845;SAS;UTA;99;101;February 12, 2018
846;SAC;DAL;114;109; February 13, 2018
847;SAS;DEN;109;117; February 13, 2018
848;ATL;MIL;92;97; February 13, 2018
849;HOU;MIN;126;108; February 13, 2018
850;CLE;OKC;120;112; February 13, 2018
851;MIA;TOR;112;115; February 13, 2018
852;LAC;BOS;129;119;February 14, 2018
853;IND;BKN;108;103;February 14, 2018
854;TOR;CHI;122;98;February 14, 2018
855;ATL;DET;98;104;February 14, 2018
856;SAC;HOU;91;100;February 14, 2018
857;OKC;MEM;121;114;February 14, 2018
858;LAL;NOP;117;139;February 14, 2018
859;WAS;NYK;118;113;February 14, 2018
860;CHA;ORL;104;102;February 14, 2018
861;MIA;PHI;102;104;February 14, 2018
862;GSW;POR;117;123;February 14, 2018
863;PHX;UTA;97;107;February 14, 2018
864;DEN;MIL;134;123;February 15, 2018
865;LAL;MIN;111;119;February 15, 2018
866;PHI;CHI;116;115;February 22, 2018
867;BKN;CHA;96;111;February 22, 2018
868;WAS;CLE;110;103;February 22, 2018
869;LAC;GSW;127;134;February 22, 2018
870;NYK;ORL;120;113;February 22, 2018
871;OKC;SAC;110;107;February 22, 2018
872;SAS;DEN;119;122;February 23, 2018
873;BOS;DET;110;98;February 23, 2018
874;MIN;HOU;102;120;February 23, 2018
875;ATL;IND;93;116;February 23, 2018
876;DAL;LAL;102;124;February 23, 2018
877;CLE;MEM;112;89;February 23, 2018
878;MIA;NOP;123;124;February 23, 2018
879;LAC;PHX;128;117;February 23, 2018
880;MIL;TOR;122;119;February 23, 2018
881;POR;UTA;100;81;February 23, 2018
882;CHA;WAS;122;105;February 23, 2018
883;OKC;GSW;80;112;February 24, 2018
884;MEM;MIA;89;115;February 24, 2018
885;CHI;MIN;104;122;February 24, 2018
886;BOS;NYK;121;112;February 24, 2018
887;ORL;PHI;105;116;February 24, 2018
888;POR;PHX;106;104;February 24, 2018
889;LAL;SAC;113;108;February 24, 2018
890;DAL;UTA;90;97;February 24, 2018
891;DET;CHA;98;114;February 25, 2018
892;SAS;CLE;110;94;February 25, 2018
893;HOU;DEN;119;114;February 25, 2018
894;NOP;MIL;123;121;February 25, 2018
895;PHI;WAS;94;109;February 25, 2018
896;LAL;ATL;123;104;February 26, 2018
897;MEM;BOS;98;109;February 26, 2018
898;CHI;BKN;87;104;February 26, 2018
899;IND;DAL;103;109;February 26, 2018
900;PHX;NOP;116;125;February 26, 2018
901;GSW;NYK;125;111;February 26, 2018
902;ORL;OKC;105;112;February 26, 2018
903;MIN;SAC;118;100;February 26, 2018
904;DET;TOR;94;123;February 26, 2018
905;HOU;UTA;96;85;February 26, 2018
906;CHI;CHA;103;118; February 27, 2018
907;BKN;CLE;123;129; February 27, 2018
908;LAC;DEN;122;120; February 27, 2018
909;PHI;MIA;101;102; February 27, 2018
910;WAS;MIL;107;104; February 27, 2018
911;SAC;POR;99;116; February 27, 2018
912;IND;ATL;102;107;February 28, 2018
913;CHA;BOS;106;134;February 28, 2018
914;OKC;DAL;111;110;February 28, 2018
915;MIL;DET;87;110;February 28, 2018
916;HOU;LAC;105;92;February 28, 2018
917;PHX;MEM;110;102;February 28, 2018
918;TOR;ORL;117;104;February 28, 2018
919;NOP;SAS;121;116;February 28, 2018
920;GSW;WAS;109;101;February 28, 2018
921;PHI;CLE;108;97;March 1, 2018
922;LAL;MIA;131;113;March 1, 2018
923;MIN;POR;99;108;March 1, 2018
924;BKN;SAC;111;116;March 1, 2018
925;GSW;ATL;114;109;March 2, 2018
926;DAL;CHI;100;108;March 2, 2018
927;NYK;LAC;105;128;March 2, 2018
928;DEN;MEM;108;102;March 2, 2018
929;IND;MIL;103;96;March 2, 2018
930;DET;ORL;106;115;March 2, 2018
931;CHA;PHI;99;110;March 2, 2018
932;OKC;PHX;124;116;March 2, 2018
933;MIN;UTA;108;116;March 2, 2018
934;TOR;WAS;102;95;March 2, 2018
935;DEN;CLE;126;117;March 3, 2018
936;BOS;HOU;120;123;March 3, 2018
937;DET;MIA;96;105;March 3, 2018
938;MEM;ORL;100;107;March 3, 2018
939;OKC;POR;100;108;March 3, 2018
940;UTA;SAC;98;91;March 3, 2018
941;LAL;SAS;116;112;March 3, 2018
942;PHX;ATL;112;113;March 4, 2018
943;NOP;DAL;126;109;March 4, 2018
944;BKN;LAC;120;123;March 4, 2018
945;PHI;MIL;110;118;March 4, 2018
946;NYK;SAC;99;102;March 4, 2018
947;CHA;TOR;98;103;March 4, 2018
948;IND;WAS;98;95;March 4, 2018
949;BOS;CHI;105;89;March 5, 2018
950;DET;CLE;90;112;March 5, 2018
951;MIL;IND;89;92;March 5, 2018
952;POR;LAL;108;103;March 5, 2018
953;PHX;MIA;103;125;March 5, 2018
954;MEM;SAS;98;100;March 5, 2018
955;ORL;UTA;80;94;March 5, 2018
956;PHI;CHA;128;114; March 6, 2018
957;DEN;DAL;107;118; March 6, 2018
958;BKN;GSW;101;114; March 6, 2018
959;NOP;LAC;121;116; March 6, 2018
960;HOU;OKC;122;112; March 6, 2018
961;NYK;POR;87;111; March 6, 2018
962;ATL;TOR;90;106; March 6, 2018
963;MIA;WAS;113;117; March 6, 2018
964;MEM;CHI;110;119;March 7, 2018
965;CLE;DEN;113;108;March 7, 2018
966;TOR;DET;121;119;March 7, 2018
967;UTA;IND;104;84;March 7, 2018
968;ORL;LAL;107;108;March 7, 2018
969;HOU;MIL;110;99;March 7, 2018
970;NOP;SAC;114;101;March 7, 2018
971;BKN;CHA;125;111;March 8, 2018
972;SAS;GSW;107;110;March 8, 2018
973;PHI;MIA;99;108;March 8, 2018
974;BOS;MIN;117;109;March 8, 2018
975;PHX;OKC;87;115;March 8, 2018
976;LAL;DEN;116;125;March 9, 2018
977;CHI;DET;83;99;March 9, 2018
978;ATL;IND;87;112;March 9, 2018
979;CLE;LAC;102;116;March 9, 2018
980;UTA;MEM;95;78;March 9, 2018
981;NYK;MIL;112;120;March 9, 2018
982;WAS;NOP;116;97;March 9, 2018
983;GSW;POR;108;125;March 9, 2018
984;ORL;SAC;88;94;March 9, 2018
985;HOU;TOR;105;108;March 9, 2018
986;PHX;CHA;115;122;March 10, 2018
987;MEM;DAL;80;114;March 10, 2018
988;ORL;LAC;105;113;March 10, 2018
989;WAS;MIA;102;129;March 10, 2018
990;SAS;OKC;94;104;March 10, 2018
991;CHI;ATL;129;122;March 11, 2018
992;IND;BOS;99;97;March 11, 2018
993;PHI;BKN;120;97;March 11, 2018
994;HOU;DAL;105;82;March 11, 2018
995;SAC;DEN;104;130;March 11, 2018
996;CLE;LAL;113;127;March 11, 2018
997;GSW;MIN;103;109;March 11, 2018
998;UTA;NOP;116;99;March 11, 2018
999;TOR;NYK;132;106;March 11, 2018
1000;SAS;HOU;93;109;March 12, 2018
1001;MIL;MEM;121;103;March 12, 2018
1002;SAC;OKC;101;106;March 12, 2018
1003;MIA;POR;99;115;March 12, 2018
1004;OKC;ATL;119;107; March 13, 2018
1005;TOR;BKN;116;102; March 13, 2018
1006;LAC;CHI;112;106; March 13, 2018
1007;DEN;LAL;103;112; March 13, 2018
1008;CHA;NOP;115;119; March 13, 2018
1009;DAL;NYK;110;97; March 13, 2018
1010;IND;PHI;101;98; March 13, 2018
1011;CLE;PHX;129;107; March 13, 2018
1012;ORL;SAS;72;108; March 13, 2018
1013;DET;UTA;79;110; March 13, 2018
1014;MIN;WAS;116;111; March 13, 2018
1015;WAS;BOS;125;124;March 14, 2018
1016;LAL;GSW;106;117;March 14, 2018
1017;MIL;ORL;117;126;March 14, 2018
1018;MIA;SAC;119;123;March 14, 2018
1019;CHA;ATL;129;117;March 15, 2018
1020;DET;DEN;113;120;March 15, 2018
1021;LAC;HOU;96;101;March 15, 2018
1022;TOR;IND;106;99;March 15, 2018
1023;CHI;MEM;111;110;March 15, 2018
1024;PHI;NYK;118;110;March 15, 2018
1025;CLE;POR;105;113;March 15, 2018
1026;NOP;SAS;93;98;March 15, 2018
1027;PHX;UTA;88;116;March 15, 2018
1028;SAC;GSW;98;93;March 16, 2018
1029;MIA;LAL;92;91;March 16, 2018
1030;LAC;OKC;113;121;March 16, 2018
1031;BOS;ORL;92;83;March 16, 2018
1032;BKN;PHI;116;120;March 16, 2018
1033;DAL;TOR;115;122;March 16, 2018
1034;DAL;BKN;106;114;March 17, 2018
1035;CLE;CHI;114;109;March 17, 2018
1036;DEN;MEM;94;101;March 17, 2018
1037;ATL;MIL;117;122;March 17, 2018
1038;HOU;NOP;107;101;March 17, 2018
1039;CHA;NYK;101;124;March 17, 2018
1040;GSW;PHX;124;109;March 17, 2018
1041;DET;POR;87;100;March 17, 2018
1042;MIN;SAS;101;117;March 17, 2018
1043;SAC;UTA;97;103;March 17, 2018
1044;IND;WAS;102;109;March 17, 2018
1045;POR;LAC;122;109;March 18, 2018
1046;HOU;MIN;129;120;March 18, 2018
1047;BOS;NOP;89;108;March 18, 2018
1048;OKC;TOR;132;125;March 18, 2018
1049;MEM;BKN;115;118;March 19, 2018
1050;MIL;CLE;117;124;March 19, 2018
1051;LAL;IND;100;110;March 19, 2018
1052;DEN;MIA;141;149;March 19, 2018
1053;CHI;NYK;92;110;March 19, 2018
1054;CHA;PHI;94;108;March 19, 2018
1055;DET;SAC;106;90;March 19, 2018
1056;GSW;SAS;75;89;March 19, 2018
1057;OKC;BOS;99;100; March 20, 2018
1058;LAC;MIN;109;123; March 20, 2018
1059;DAL;NOP;105;115; March 20, 2018
1060;TOR;ORL;93;86; March 20, 2018
1061;DET;PHX;115;88; March 20, 2018
1062;HOU;POR;115;111; March 20, 2018
1063;ATL;UTA;99;94; March 20, 2018
1064;CHA;BKN;111;105;March 21, 2018
1065;DEN;CHI;135;102;March 21, 2018
1066;TOR;CLE;129;132;March 21, 2018
1067;NYK;MIA;98;119;March 21, 2018
1068;LAC;MIL;127;120;March 21, 2018
1069;IND;NOP;92;96;March 21, 2018
1070;MEM;PHI;105;119;March 21, 2018
1071;WAS;SAS;90;98;March 21, 2018
1072;MEM;CHA;79;140;March 22, 2018
1073;UTA;DAL;119;112;March 22, 2018
1074;DET;HOU;96;100;March 22, 2018
1075;LAL;NOP;125;128;March 22, 2018
1076;PHI;ORL;118;98;March 22, 2018
1077;ATL;SAC;90;105;March 22, 2018
1078;MIL;CHI;118;105;March 23, 2018
1079;PHX;CLE;95;120;March 23, 2018
1080;ATL;GSW;94;106;March 23, 2018
1081;LAC;IND;104;109;March 23, 2018
1082;MIN;NYK;108;104;March 23, 2018
1083;MIA;OKC;99;105;March 23, 2018
1084;BOS;POR;105;100;March 23, 2018
1085;UTA;SAS;120;124;March 23, 2018
1086;BKN;TOR;112;116;March 23, 2018
1087;DEN;WAS;108;100;March 23, 2018
1088;CHA;DAL;102;98;March 24, 2018
1089;CHI;DET;95;117;March 24, 2018
1090;NOP;HOU;91;114;March 24, 2018
1091;LAL;MEM;100;93;March 24, 2018
1092;PHX;ORL;99;105;March 24, 2018
1093;MIN;PHI;108;120;March 24, 2018
1094;CLE;BKN;121;114;March 25, 2018
1095;UTA;GSW;110;91;March 25, 2018
1096;ATL;HOU;99;118;March 25, 2018
1097;MIA;IND;107;113;March 25, 2018
1098;SAS;MIL;103;106;March 25, 2018
1099;POR;OKC;108;105;March 25, 2018
1100;BOS;SAC;104;93;March 25, 2018
1101;LAC;TOR;117;106;March 25, 2018
1102;NYK;WAS;101;97;March 25, 2018
1103;NYK;CHA;128;137;March 26, 2018
1104;LAL;DET;106;112;March 26, 2018
1105;MEM;MIN;101;93;March 26, 2018
1106;DEN;PHI;104;123;March 26, 2018
1107;BOS;PHX;102;94;March 26, 2018
1108;IND;GSW;92;81; March 27, 2018
1109;CHI;HOU;86;118; March 27, 2018
1110;MIL;LAC;98;105; March 27, 2018
1111;CLE;MIA;79;98; March 27, 2018
1112;POR;NOP;107;103; March 27, 2018
1113;DAL;SAC;103;97; March 27, 2018
1114;DEN;TOR;110;114; March 27, 2018
1115;SAS;WAS;106;116; March 27, 2018
1116;CLE;CHA;118;105;March 28, 2018
1117;DAL;LAL;93;103;March 28, 2018
1118;POR;MEM;103;108;March 28, 2018
1119;ATL;MIN;114;126;March 28, 2018
1120;BKN;ORL;111;104;March 28, 2018
1121;NYK;PHI;101;118;March 28, 2018
1122;LAC;PHX;111;99;March 28, 2018
1123;BOS;UTA;97;94;March 28, 2018
1124;WAS;DET;92;103;March 29, 2018
1125;MIL;GSW;116;107;March 29, 2018
1126;CHI;MIA;92;103;March 29, 2018
1127;IND;SAC;106;103;March 29, 2018
1128;OKC;SAS;99;103;March 29, 2018
1129;PHI;ATL;101;91;March 30, 2018
1130;NOP;CLE;102;107;March 30, 2018
1131;MIN;DAL;93;92;March 30, 2018
1132;PHX;HOU;103;104;March 30, 2018
1133;MIL;LAL;124;122;March 30, 2018
1134;DEN;OKC;126;125;March 30, 2018
1135;CHI;ORL;90;82;March 30, 2018
1136;LAC;POR;96;105;March 30, 2018
1137;MEM;UTA;97;107;March 30, 2018
1138;TOR;BOS;99;110;March 31, 2018
1139;BKN;MIA;110;109;March 31, 2018
1140;DET;NYK;115;109;March 31, 2018
1141;GSW;SAC;112;96;March 31, 2018
1142;CHA;WAS;93;107;March 31, 2018
1143;ORL;ATL;88;94;April 1, 2018
1144;DET;BKN;108;96;April 1, 2018
1145;WAS;CHI;94;113;April 1, 2018
1146;PHI;CHA;119;102;April 1, 2018
1147;DAL;CLE;87;98;April 1, 2018
1148;MIL;DEN;125;128;April 1, 2018
1149;PHX;GSW;107;117;April 1, 2018
1150;IND;LAC;111;104;April 1, 2018
1151;SAC;LAL;84;83;April 1, 2018
1152;UTA;MIN;121;97;April 1, 2018
1153;OKC;NOP;109;104;April 1, 2018
1154;MEM;POR;98;113;April 1, 2018
1155;HOU;SAS;83;100;April 1, 2018
1156;CHA;CHI;114;120; April 3, 2018
1157;TOR;CLE;106;112; April 3, 2018
1158;POR;DAL;109;115; April 3, 2018
1159;IND;DEN;104;107; April 3, 2018
1160;WAS;HOU;104;120; April 3, 2018
1161;SAS;LAC;110;113; April 3, 2018
1162;ATL;MIA;98;101; April 3, 2018
1163;BOS;MIL;102;106; April 3, 2018
1164;ORL;NYK;97;73; April 3, 2018
1165;GSW;OKC;111;107; April 3, 2018
1166;BKN;PHI;95;121; April 3, 2018
1167;SAC;PHX;94;97; April 3, 2018
1168;LAL;UTA;110;117; April 3, 2018
1169;MIA;ATL;115;86;April 4, 2018
1170;PHI;DET;115;108;April 4, 2018
1171;SAS;LAL;112;122;April 4, 2018
1172;MEM;NOP;95;123;April 4, 2018
1173;DAL;ORL;100;105;April 4, 2018
1174;BOS;TOR;78;96;April 4, 2018
1175;WAS;CLE;115;119;April 5, 2018
1176;MIN;DEN;96;100;April 5, 2018
1177;POR;HOU;94;96;April 5, 2018
1178;GSW;IND;106;126;April 5, 2018
1179;BKN;MIL;119;111;April 5, 2018
1180;LAC;UTA;95;117;April 5, 2018
1181;CHI;BOS;104;111;April 6, 2018
1182;DAL;DET;106;113;April 6, 2018
1183;MIN;LAL;113;96;April 6, 2018
1184;SAC;MEM;94;93;April 6, 2018
1185;MIA;NYK;98;122;April 6, 2018
1186;CHA;ORL;137;100;April 6, 2018
1187;CLE;PHI;130;132;April 6, 2018
1188;NOP;PHX;122;103;April 6, 2018
1189;IND;TOR;73;92;April 6, 2018
1190;ATL;WAS;103;97;April 6, 2018
1191;BKN;CHI;124;96;April 7, 2018
1192;NOP;GSW;126;120;April 7, 2018
1193;OKC;HOU;108;102;April 7, 2018
1194;DEN;LAC;134;115;April 7, 2018
1195;MIL;NYK;115;102;April 7, 2018
1196;POR;SAS;105;116;April 7, 2018
1197;ATL;BOS;112;106;April 8, 2018
1198;IND;CHA;123;117;April 8, 2018
1199;UTA;LAL;112;97;April 8, 2018
1200;DET;MEM;117;130;April 8, 2018
1201;DAL;PHI;97;109;April 8, 2018
1202;GSW;PHX;117;100;April 8, 2018
1203;ORL;TOR;101;112;April 8, 2018
1204;CHI;BKN;105;114;April 9, 2018
1205;POR;DEN;82;88;April 9, 2018
1206;TOR;DET;108;98;April 9, 2018
1207;NOP;LAC;113;100;April 9, 2018
1208;OKC;MIA;115;93;April 9, 2018
1209;ORL;MIL;86;102;April 9, 2018
1210;MEM;MIN;94;113;April 9, 2018
1211;CLE;NYK;123;109;April 9, 2018
1212;SAC;SAS;85;98;April 9, 2018
1213;PHI;ATL;121;113; April 10, 2018
1214;PHX;DAL;124;97; April 10, 2018
1215;CHA;IND;119;93; April 10, 2018
1216;HOU;LAL;105;99; April 10, 2018
1217;GSW;UTA;79;119; April 10, 2018
1218;BOS;WAS;101;113; April 10, 2018
1219;BKN;BOS;97;110;April 11, 2018
1220;DET;CHI;119;87;April 11, 2018
1221;NYK;CLE;110;98;April 11, 2018
1222;LAL;LAC;115;100;April 11, 2018
1223;TOR;MIA;109;116;April 11, 2018
1224;DEN;MIN;106;112;April 11, 2018
1225;SAS;NOP;98;122;April 11, 2018
1226;MEM;OKC;123;137;April 11, 2018
1227;WAS;ORL;92;101;April 11, 2018
1228;MIL;PHI;95;130;April 11, 2018
1229;UTA;POR;93;102;April 11, 2018
1230;HOU;SAC;83;96;April 11, 2018
